{"stats":{"minecraft:custom":{"minecraft:time_since_rest":2784,"minecraft:play_one_minute":4512,"minecraft:crouch_one_cm":88,"minecraft:sprint_one_cm":18801,"minecraft:walk_one_cm":8343,"minecraft:deaths":1,"minecraft:sneak_time":119,"minecraft:mob_kills":9,"minecraft:jump":27,"minecraft:time_since_death":2763,"minecraft:fall_one_cm":209,"minecraft:fly_one_cm":6542},"minecraft:killed":{"minecraft:trader_llama":2,"minecraft:husk":4,"minecraft:wandering_trader":1,"minecraft:cow":2},"minecraft:picked_up":{"minecraft:rotten_flesh":2,"minecraft:leather":5,"minecraft:lead":2,"minecraft:beef":3},"minecraft:used":{"minecraft:oak_fence":11,"minecraft:cow_spawn_egg":2,"minecraft:bow":58,"minecraft:beef":3,"minecraft:husk_spawn_egg":4}},"DataVersion":2227}