{"stats":{"minecraft:killed_by":{"minecraft:vindicator":2},"minecraft:picked_up":{"minecraft:sandstone":32,"moretotems:explosive_totem_of_undying":1},"minecraft:crafted":{"moretotems:explosive_totem_of_undying":1},"minecraft:used":{"minecraft:vindicator_spawn_egg":2},"minecraft:custom":{"minecraft:jump":17,"minecraft:time_since_rest":249,"minecraft:leave_game":1,"minecraft:deaths":2,"minecraft:play_one_minute":1472,"minecraft:damage_absorbed":200,"minecraft:sprint_one_cm":5504,"minecraft:damage_taken":566,"minecraft:time_since_death":205,"minecraft:walk_one_cm":4297,"minecraft:damage_resisted":127,"minecraft:fall_one_cm":324,"minecraft:interact_with_crafting_table":1,"minecraft:drop":1,"minecraft:fly_one_cm":5427},"minecraft:dropped":{"moretotems:explosive_totem_of_undying":1}},"DataVersion":2227}