{"stats":{"minecraft:picked_up":{"minecraft:saddle":1,"minecraft:rotten_flesh":3},"minecraft:custom":{"minecraft:time_since_rest":3994,"minecraft:leave_game":1,"minecraft:crouch_one_cm":209,"minecraft:play_one_minute":3994,"minecraft:sprint_one_cm":613,"minecraft:time_since_death":3994,"minecraft:walk_one_cm":704,"minecraft:sneak_time":141,"minecraft:mob_kills":7,"minecraft:fly_one_cm":9555,"minecraft:jump":10},"minecraft:used":{"minecraft:birch_fence":8,"minecraft:ravager_spawn_egg":2,"minecraft:husk_spawn_egg":5,"minecraft:bow":49},"minecraft:killed":{"minecraft:ravager":2,"minecraft:husk":5}},"DataVersion":2227}