{"stats":{"minecraft:custom":{"minecraft:jump":12,"minecraft:time_since_rest":4388,"minecraft:leave_game":1,"minecraft:damage_dealt":90,"minecraft:crouch_one_cm":114,"minecraft:play_one_minute":4388,"minecraft:sprint_one_cm":639,"minecraft:damage_taken":80,"minecraft:time_since_death":4387,"minecraft:walk_one_cm":2601,"minecraft:sneak_time":164,"minecraft:fall_one_cm":211,"minecraft:fly_one_cm":25600},"minecraft:used":{"minecraft:ender_eye":25,"minecraft:end_portal_frame":49,"minecraft:diamond_axe":1}},"DataVersion":2227}