{"stats":{"minecraft:used":{"minecraft:ravager_spawn_egg":1,"minecraft:diamond_sword":1},"minecraft:killed":{"minecraft:ravager":1},"minecraft:custom":{"minecraft:jump":25,"minecraft:leave_game":1,"minecraft:time_since_rest":2395,"minecraft:deaths":1,"minecraft:damage_dealt":100,"minecraft:play_one_minute":4204,"minecraft:damage_absorbed":640,"minecraft:sprint_one_cm":17547,"minecraft:damage_taken":1565,"minecraft:time_since_death":2371,"minecraft:walk_one_cm":29327,"minecraft:sneak_time":15,"minecraft:mob_kills":1,"minecraft:fly_one_cm":50264},"minecraft:picked_up":{"minecraft:saddle":1},"minecraft:killed_by":{"minecraft:ravager":1}},"DataVersion":2227}