{"stats":{"minecraft:picked_up":{"minecraft:sandstone":64,"minecraft:rotten_flesh":2,"minecraft:golden_sword":1,"minecraft:netherrack":64,"minecraft:quartz":1,"minecraft:gold_nugget":2},"minecraft:used":{"minecraft:diamond_axe":12},"minecraft:custom":{"minecraft:jump":52,"minecraft:time_since_rest":2486,"minecraft:leave_game":1,"minecraft:damage_dealt":655,"minecraft:play_one_minute":2486,"minecraft:damage_absorbed":160,"minecraft:sprint_one_cm":9912,"minecraft:damage_taken":327,"minecraft:time_since_death":2486,"minecraft:walk_one_cm":6749,"minecraft:damage_resisted":243,"minecraft:mob_kills":4,"minecraft:fall_one_cm":1383,"minecraft:fly_one_cm":10051},"minecraft:killed":{"minecraft:zombie_pigman":2}},"DataVersion":2227}