{"stats":{"minecraft:picked_up":{"moretotems:stinging_totem_of_undying":16,"minecraft:emerald":1},"minecraft:killed_by":{"minecraft:vindicator":1},"minecraft:custom":{"minecraft:jump":19,"minecraft:time_since_rest":1123,"minecraft:damage_absorbed":192,"minecraft:damage_dealt":90,"minecraft:crouch_one_cm":175,"minecraft:play_one_minute":7350,"minecraft:damage_taken":1500,"minecraft:walk_one_cm":33102,"minecraft:sprint_one_cm":29463,"minecraft:time_since_death":1103,"minecraft:deaths":5,"minecraft:sneak_time":120,"minecraft:mob_kills":2,"minecraft:drop":16,"minecraft:fly_one_cm":34554,"minecraft:leave_game":1},"minecraft:dropped":{"moretotems:stinging_totem_of_undying":16},"minecraft:killed":{"minecraft:pillager":2},"minecraft:used":{"minecraft:husk_spawn_egg":6,"minecraft:pillager_spawn_egg":2,"minecraft:vindicator_spawn_egg":2}},"DataVersion":2227}