{"stats":{"minecraft:dropped":{"minecraft:husk_spawn_egg":1},"minecraft:custom":{"minecraft:jump":5,"minecraft:time_since_rest":627,"minecraft:crouch_one_cm":47,"minecraft:play_one_minute":627,"minecraft:leave_game":1,"minecraft:sprint_one_cm":39,"minecraft:time_since_death":627,"minecraft:walk_one_cm":157,"minecraft:sneak_time":95,"minecraft:mob_kills":1,"minecraft:drop":1,"minecraft:fly_one_cm":9945},"minecraft:used":{"minecraft:husk_spawn_egg":1,"minecraft:bow":3},"minecraft:killed":{"minecraft:husk":1},"minecraft:picked_up":{"minecraft:husk_spawn_egg":1,"minecraft:rotten_flesh":1}},"DataVersion":2227}