{"stats":{"minecraft:used":{"minecraft:husk_spawn_egg":1,"minecraft:flint_and_steel":9,"minecraft:vindicator_spawn_egg":2},"minecraft:killed_by":{"minecraft:vindicator":2},"minecraft:picked_up":{"minecraft:rotten_flesh":1},"minecraft:custom":{"minecraft:jump":121,"minecraft:time_since_rest":569,"minecraft:damage_dealt":113,"minecraft:damage_taken":6126,"minecraft:damage_absorbed":1030,"minecraft:play_one_minute":6495,"minecraft:crouch_one_cm":46,"minecraft:leave_game":2,"minecraft:time_since_death":549,"minecraft:sprint_one_cm":23731,"minecraft:walk_one_cm":18618,"minecraft:deaths":5,"minecraft:sneak_time":199,"minecraft:fall_one_cm":62083,"minecraft:fly_one_cm":45429}},"DataVersion":2227}