{"stats":{"minecraft:custom":{"minecraft:jump":11,"minecraft:time_since_rest":2810,"minecraft:crouch_one_cm":192,"minecraft:play_one_minute":2810,"minecraft:leave_game":1,"minecraft:sprint_one_cm":1027,"minecraft:time_since_death":2810,"minecraft:walk_one_cm":2489,"minecraft:sneak_time":122,"minecraft:mob_kills":7,"minecraft:interact_with_anvil":1,"minecraft:fly_one_cm":8600},"minecraft:used":{"minecraft:cow_spawn_egg":2,"minecraft:husk_spawn_egg":2,"minecraft:bow":40,"minecraft:anvil":1},"minecraft:killed":{"minecraft:iron_golem":3,"minecraft:husk":2,"minecraft:cow":2},"minecraft:picked_up":{"minecraft:iron_ingot":9,"minecraft:beef":2,"minecraft:poppy":2,"minecraft:rotten_flesh":4,"minecraft:leather":1}},"DataVersion":2227}