{"stats":{"minecraft:picked_up":{"minecraft:sandstone":64,"minecraft:emerald":1},"minecraft:killed":{"minecraft:vindicator":1},"minecraft:used":{"minecraft:sandstone":4,"minecraft:vindicator_spawn_egg":1},"minecraft:custom":{"minecraft:jump":35,"minecraft:time_since_rest":285,"minecraft:leave_game":1,"minecraft:deaths":1,"minecraft:damage_dealt":20,"minecraft:play_one_minute":2759,"minecraft:sprint_one_cm":10696,"minecraft:damage_taken":415,"minecraft:time_since_death":249,"minecraft:walk_one_cm":5124,"minecraft:mob_kills":1,"minecraft:fall_one_cm":7645,"minecraft:fly_one_cm":6171}},"DataVersion":2227}