{"stats":{"minecraft:picked_up":{"minecraft:sandstone":37},"minecraft:used":{"minecraft:husk_spawn_egg":1},"minecraft:custom":{"minecraft:jump":18,"minecraft:time_since_rest":2501,"minecraft:crouch_one_cm":738,"minecraft:damage_dealt":9,"minecraft:damage_taken":950,"minecraft:damage_absorbed":12,"minecraft:play_one_minute":2822,"minecraft:leave_game":2,"minecraft:sprint_one_cm":4616,"minecraft:time_since_death":2477,"minecraft:walk_one_cm":5546,"minecraft:deaths":1,"minecraft:sneak_time":936,"minecraft:damage_resisted":18,"minecraft:fall_one_cm":10904,"minecraft:fly_one_cm":21602}},"DataVersion":2227}