{"stats":{"minecraft:killed":{"minecraft:vindicator":1},"minecraft:used":{"minecraft:totem_of_undying":1,"minecraft:diamond_axe":4},"minecraft:picked_up":{"minecraft:iron_axe":1,"minecraft:emerald":1},"minecraft:custom":{"minecraft:jump":58,"minecraft:time_since_rest":795,"minecraft:leave_game":1,"minecraft:deaths":2,"minecraft:damage_dealt":330,"minecraft:play_one_minute":3972,"minecraft:damage_absorbed":610,"minecraft:sprint_one_cm":16331,"minecraft:damage_taken":1850,"minecraft:time_since_death":763,"minecraft:walk_one_cm":6968,"minecraft:mob_kills":1,"minecraft:fall_one_cm":17432,"minecraft:fly_one_cm":14399}},"DataVersion":2227}