{"stats":{"minecraft:used":{"minecraft:bee_spawn_egg":1,"minecraft:pillager_spawn_egg":1},"minecraft:killed_by":{"summonedbee:summoned_bee":1},"minecraft:killed":{"minecraft:pillager":1},"minecraft:picked_up":{"moretotems:stinging_totem_of_undying":2},"minecraft:custom":{"minecraft:jump":14,"minecraft:time_since_rest":2430,"minecraft:leave_game":1,"minecraft:damage_absorbed":36,"minecraft:damage_dealt":50,"minecraft:play_one_minute":2539,"minecraft:deaths":1,"minecraft:sprint_one_cm":5262,"minecraft:damage_taken":1018,"minecraft:time_since_death":2407,"minecraft:walk_one_cm":12748,"minecraft:sneak_time":15,"minecraft:damage_resisted":66,"minecraft:mob_kills":1,"minecraft:fall_one_cm":10594,"minecraft:fly_one_cm":18835}},"DataVersion":2227}