{"stats":{"minecraft:used":{"minecraft:chorus_fruit":3,"minecraft:bow":8},"minecraft:picked_up":{"minecraft:saddle":1},"minecraft:custom":{"minecraft:jump":79,"minecraft:time_since_rest":2621,"minecraft:leave_game":1,"minecraft:play_one_minute":2621,"minecraft:sprint_one_cm":18060,"minecraft:damage_taken":280,"minecraft:time_since_death":2621,"minecraft:walk_one_cm":4501,"minecraft:mob_kills":1,"minecraft:fall_one_cm":2383,"minecraft:fly_one_cm":17728},"minecraft:killed":{"minecraft:ravager":1}},"DataVersion":2227}