{"stats":{"minecraft:killed":{"minecraft:ravager":1},"minecraft:used":{"minecraft:rotten_flesh":1,"minecraft:ravager_spawn_egg":1,"minecraft:bow":11},"minecraft:custom":{"minecraft:jump":10,"minecraft:time_since_rest":1350,"minecraft:crouch_one_cm":24,"minecraft:deaths":1,"minecraft:play_one_minute":3497,"minecraft:leave_game":1,"minecraft:sprint_one_cm":2501,"minecraft:damage_taken":240,"minecraft:time_since_death":1328,"minecraft:walk_one_cm":2336,"minecraft:sneak_time":213,"minecraft:mob_kills":1,"minecraft:interact_with_crafting_table":1,"minecraft:fly_one_cm":18466},"minecraft:crafted":{"moretotems:stinging_totem_of_undying":1},"minecraft:killed_by":{"minecraft:ravager":1},"minecraft:picked_up":{"minecraft:saddle":1}},"DataVersion":2227}