{"stats":{"minecraft:used":{"minecraft:pillager_spawn_egg":2},"minecraft:killed_by":{"summonedbee:summoned_bee":1},"minecraft:killed":{"minecraft:pillager":2},"minecraft:picked_up":{"minecraft:pillager_spawn_egg":1,"moretotems:stinging_totem_of_undying":5},"minecraft:custom":{"minecraft:jump":18,"minecraft:time_since_rest":1817,"minecraft:leave_game":1,"minecraft:damage_dealt":230,"minecraft:play_one_minute":4160,"minecraft:damage_absorbed":16,"minecraft:sprint_one_cm":11550,"minecraft:deaths":2,"minecraft:damage_taken":1390,"minecraft:time_since_death":1795,"minecraft:walk_one_cm":18917,"minecraft:sneak_time":9,"minecraft:damage_resisted":24,"minecraft:mob_kills":2,"minecraft:fall_one_cm":11250,"minecraft:fly_one_cm":24893}},"DataVersion":2227}