{"stats":{"minecraft:used":{"minecraft:vindicator_spawn_egg":1},"minecraft:killed_by":{"minecraft:vindicator":1,"minecraft:husk":1},"minecraft:picked_up":{"moretotems:stinging_totem_of_undying":3,"minecraft:rotten_flesh":2},"minecraft:custom":{"minecraft:jump":12,"minecraft:time_since_rest":614,"minecraft:leave_game":1,"minecraft:damage_dealt":20,"minecraft:play_one_minute":2365,"minecraft:deaths":2,"minecraft:sprint_one_cm":13297,"minecraft:damage_taken":1240,"minecraft:time_since_death":587,"minecraft:walk_one_cm":12810,"minecraft:fall_one_cm":7138,"minecraft:fly_one_cm":12579}},"DataVersion":2227}