{"stats":{"minecraft:custom":{"minecraft:jump":236,"minecraft:time_since_rest":174,"minecraft:leave_game":1,"minecraft:crouch_one_cm":843,"minecraft:damage_dealt":87,"minecraft:play_one_minute":13049,"minecraft:deaths":7,"minecraft:damage_absorbed":390,"minecraft:sprint_one_cm":45632,"minecraft:damage_taken":3590,"minecraft:time_since_death":147,"minecraft:walk_one_cm":19238,"minecraft:sneak_time":758,"minecraft:fall_one_cm":24517,"minecraft:fly_one_cm":258464},"minecraft:killed_by":{"minecraft:magma_cube":2},"minecraft:mined":{"minecraft:white_bed":1},"minecraft:picked_up":{"minecraft:white_bed":1},"minecraft:used":{"minecraft:white_bed":1,"minecraft:sandstone":58}},"DataVersion":2227}