{"stats":{"minecraft:picked_up":{"minecraft:saddle":3},"minecraft:killed_by":{"minecraft:ravager":1},"minecraft:killed":{"minecraft:ravager":3,"minecraft:husk":1},"minecraft:custom":{"minecraft:jump":12,"minecraft:time_since_rest":1137,"minecraft:leave_game":1,"minecraft:deaths":1,"minecraft:crouch_one_cm":13,"minecraft:play_one_minute":3243,"minecraft:sprint_one_cm":5572,"minecraft:damage_taken":520,"minecraft:time_since_death":1113,"minecraft:walk_one_cm":4358,"minecraft:sneak_time":149,"minecraft:interact_with_anvil":1,"minecraft:mob_kills":4,"minecraft:fall_one_cm":3504,"minecraft:fly_one_cm":47383},"minecraft:used":{"minecraft:ravager_spawn_egg":3,"minecraft:husk_spawn_egg":1,"minecraft:anvil":1,"minecraft:bow":24,"minecraft:birch_fence":21}},"DataVersion":2227}