{"stats":{"minecraft:custom":{"minecraft:jump":67,"minecraft:time_since_rest":412,"minecraft:crouch_one_cm":50,"minecraft:damage_absorbed":480,"minecraft:play_one_minute":3047,"minecraft:damage_taken":1300,"minecraft:leave_game":2,"minecraft:sprint_one_cm":13935,"minecraft:walk_one_cm":1966,"minecraft:time_since_death":386,"minecraft:deaths":2,"minecraft:sneak_time":30,"minecraft:fall_one_cm":14990,"minecraft:drop":15,"minecraft:fly_one_cm":33005},"minecraft:used":{"minecraft:flint_and_steel":1},"minecraft:picked_up":{"moretotems:teleporting_totem_of_undying":15},"minecraft:dropped":{"moretotems:teleporting_totem_of_undying":15}},"DataVersion":2227}