{"stats":{"minecraft:used":{"minecraft:vindicator_spawn_egg":3},"minecraft:picked_up":{"minecraft:sandstone":127},"minecraft:custom":{"minecraft:jump":34,"minecraft:time_since_rest":1454,"minecraft:leave_game":1,"minecraft:play_one_minute":1454,"minecraft:damage_absorbed":240,"minecraft:sprint_one_cm":7364,"minecraft:damage_taken":510,"minecraft:time_since_death":1454,"minecraft:walk_one_cm":3590,"minecraft:damage_resisted":434,"minecraft:fall_one_cm":1809,"minecraft:fly_one_cm":5996}},"DataVersion":2227}