{"stats":{"minecraft:custom":{"minecraft:jump":6,"minecraft:time_since_rest":1149,"minecraft:damage_dealt":192,"minecraft:play_one_minute":1149,"minecraft:leave_game":1,"minecraft:damage_taken":140,"minecraft:sprint_one_cm":5564,"minecraft:damage_absorbed":410,"minecraft:time_since_death":1149,"minecraft:walk_one_cm":5111,"minecraft:mob_kills":1,"minecraft:fly_one_cm":1392},"minecraft:used":{"minecraft:magma_cube_spawn_egg":1},"minecraft:killed":{"minecraft:zombie_pigman":1}},"DataVersion":2227}