{"stats":{"minecraft:killed":{"minecraft:zombie_pigman":2},"minecraft:used":{"minecraft:totem_of_undying":1,"minecraft:diamond_axe":6},"minecraft:killed_by":{"minecraft:zombie_pigman":1},"minecraft:picked_up":{"minecraft:golden_sword":1},"minecraft:custom":{"minecraft:jump":22,"minecraft:time_since_rest":1566,"minecraft:leave_game":1,"minecraft:damage_dealt":402,"minecraft:play_one_minute":1964,"minecraft:damage_absorbed":240,"minecraft:deaths":1,"minecraft:sprint_one_cm":9080,"minecraft:damage_taken":510,"minecraft:time_since_death":1542,"minecraft:walk_one_cm":7316,"minecraft:mob_kills":2,"minecraft:fall_one_cm":566,"minecraft:fly_one_cm":5703}},"DataVersion":2227}