{"stats":{"minecraft:used":{"minecraft:diamond_axe":6},"minecraft:picked_up":{"minecraft:string":2},"minecraft:custom":{"minecraft:jump":62,"minecraft:time_since_rest":3049,"minecraft:leave_game":1,"minecraft:damage_dealt":409,"minecraft:deaths":1,"minecraft:play_one_minute":3420,"minecraft:damage_taken":420,"minecraft:sprint_one_cm":15353,"minecraft:damage_absorbed":110,"minecraft:time_since_death":3009,"minecraft:walk_one_cm":8913,"minecraft:mob_kills":2,"minecraft:fall_one_cm":2270,"minecraft:fly_one_cm":16614},"minecraft:killed_by":{"minecraft:husk":1},"minecraft:killed":{"minecraft:husk":1,"minecraft:cave_spider":1}},"DataVersion":2227}