{"stats":{"minecraft:dropped":{"minecraft:ghast_tear":64,"minecraft:totem_of_undying":2,"minecraft:bone":64},"minecraft:crafted":{"moretotems:ghastly_totem_of_undying":1,"moretotems:skeletal_totem_of_undying":1},"minecraft:picked_up":{"minecraft:ghast_tear":64,"minecraft:bone":64,"minecraft:totem_of_undying":2},"minecraft:custom":{"minecraft:jump":7,"minecraft:time_since_rest":1154,"minecraft:leave_game":1,"minecraft:play_one_minute":1154,"minecraft:sprint_one_cm":3494,"minecraft:time_since_death":1154,"minecraft:walk_one_cm":1240,"minecraft:interact_with_crafting_table":2,"minecraft:drop":4,"minecraft:fly_one_cm":2269}},"DataVersion":2227}