{"stats":{"minecraft:custom":{"minecraft:jump":38,"minecraft:time_since_rest":148,"minecraft:leave_game":1,"minecraft:crouch_one_cm":68,"minecraft:damage_dealt":15,"minecraft:play_one_minute":2937,"minecraft:deaths":5,"minecraft:damage_taken":460,"minecraft:sprint_one_cm":12423,"minecraft:damage_absorbed":700,"minecraft:time_since_death":126,"minecraft:walk_one_cm":5602,"minecraft:sneak_time":62,"minecraft:fall_one_cm":2684,"minecraft:fly_one_cm":27235},"minecraft:used":{"minecraft:magma_cube_spawn_egg":1,"minecraft:sandstone":6}},"DataVersion":2227}