{"stats":{"minecraft:killed":{"minecraft:husk":2},"minecraft:used":{"minecraft:husk_spawn_egg":2,"minecraft:bow":4},"minecraft:picked_up":{"minecraft:rotten_flesh":3},"minecraft:custom":{"minecraft:jump":5,"minecraft:time_since_rest":1065,"minecraft:crouch_one_cm":70,"minecraft:play_one_minute":1065,"minecraft:leave_game":1,"minecraft:sprint_one_cm":806,"minecraft:time_since_death":1065,"minecraft:walk_one_cm":1783,"minecraft:sneak_time":93,"minecraft:mob_kills":2,"minecraft:fly_one_cm":6466}},"DataVersion":2227}