{
  "minecraft:recipes/redstone/dispenser": {
    "criteria": {
      "has_bow": "2020-01-02 16:52:06 -0500"
    },
    "done": true
  },
  "minecraft:adventure/root": {
    "criteria": {
      "killed_something": "2020-01-02 16:53:27 -0500"
    },
    "done": true
  },
  "minecraft:adventure/kill_a_mob": {
    "criteria": {
      "minecraft:husk": "2020-01-02 16:53:27 -0500"
    },
    "done": true
  },
  "minecraft:adventure/kill_all_mobs": {
    "criteria": {
      "minecraft:ravager": "2020-01-02 16:54:35 -0500",
      "minecraft:husk": "2020-01-02 16:53:27 -0500"
    },
    "done": false
  },
  "minecraft:adventure/shoot_arrow": {
    "criteria": {
      "shot_arrow": "2020-01-02 16:53:24 -0500"
    },
    "done": true
  },
  "minecraft:adventure/adventuring_time": {
    "criteria": {
      "minecraft:desert": "2020-01-02 16:51:59 -0500"
    },
    "done": false
  },
  "DataVersion": 2227
}