{
  "minecraft:adventure/root": {
    "criteria": {
      "killed_by_something": "2019-12-20 18:02:44 -0500"
    },
    "done": true
  },
  "minecraft:adventure/kill_a_mob": {
    "criteria": {
      "minecraft:pillager": "2019-12-20 18:03:57 -0500"
    },
    "done": true
  },
  "minecraft:adventure/kill_all_mobs": {
    "criteria": {
      "minecraft:pillager": "2019-12-20 18:03:57 -0500"
    },
    "done": false
  },
  "minecraft:adventure/adventuring_time": {
    "criteria": {
      "minecraft:desert": "2019-12-20 18:02:39 -0500"
    },
    "done": false
  },
  "DataVersion": 2227
}