{
  "minecraft:recipes/food/honey_bottle": {
    "criteria": {
      "has_honey_block": "2019-12-21 15:11:59 -0500"
    },
    "done": true
  },
  "minecraft:recipes/decorations/chest": {
    "criteria": {
      "has_lots_of_items": "2019-12-21 15:11:59 -0500"
    },
    "done": true
  },
  "minecraft:story/shiny_gear": {
    "criteria": {
      "diamond_chestplate": "2019-12-21 15:11:59 -0500"
    },
    "done": true
  },
  "minecraft:recipes/building_blocks/emerald_block": {
    "criteria": {
      "has_emerald": "2019-12-21 15:11:59 -0500"
    },
    "done": true
  },
  "minecraft:adventure/adventuring_time": {
    "criteria": {
      "minecraft:desert": "2019-12-21 15:11:59 -0500"
    },
    "done": false
  },
  "minecraft:story/root": {
    "criteria": {
      "crafting_table": "2019-12-21 15:11:59 -0500"
    },
    "done": true
  },
  "DataVersion": 2227
}