{
  "minecraft:recipes/redstone/dispenser": {
    "criteria": {
      "has_bow": "2020-01-03 15:03:07 -0500"
    },
    "done": true
  },
  "minecraft:recipes/misc/popped_chorus_fruit": {
    "criteria": {
      "has_chorus_fruit": "2020-01-03 15:03:07 -0500"
    },
    "done": true
  },
  "minecraft:recipes/decorations/chest": {
    "criteria": {
      "has_lots_of_items": "2020-01-03 15:03:07 -0500"
    },
    "done": true
  },
  "minecraft:adventure/adventuring_time": {
    "criteria": {
      "minecraft:desert": "2020-01-03 15:03:07 -0500"
    },
    "done": false
  },
  "DataVersion": 2227
}