{
  "minecraft:recipes/redstone/dispenser": {
    "criteria": {
      "has_bow": "2020-01-02 22:05:20 -0500"
    },
    "done": true
  },
  "minecraft:recipes/decorations/chest": {
    "criteria": {
      "has_lots_of_items": "2020-01-02 22:08:02 -0500"
    },
    "done": true
  },
  "minecraft:adventure/root": {
    "criteria": {
      "killed_something": "2020-01-02 22:06:03 -0500"
    },
    "done": true
  },
  "minecraft:adventure/kill_a_mob": {
    "criteria": {
      "minecraft:husk": "2020-01-02 22:06:03 -0500"
    },
    "done": true
  },
  "minecraft:adventure/kill_all_mobs": {
    "criteria": {
      "minecraft:ravager": "2020-01-02 22:06:49 -0500",
      "minecraft:husk": "2020-01-02 22:06:03 -0500"
    },
    "done": false
  },
  "minecraft:adventure/shoot_arrow": {
    "criteria": {
      "shot_arrow": "2020-01-02 22:06:02 -0500"
    },
    "done": true
  },
  "minecraft:adventure/adventuring_time": {
    "criteria": {
      "minecraft:desert": "2020-01-02 22:05:20 -0500"
    },
    "done": false
  },
  "DataVersion": 2227
}