{
  "schemaVersion": 1,
  "id": "moretotems",
  "version": "${version}",

  "name": "More Totems",
  "description": "More Totems adds, well more totems of undying to Minecraft! Each totem is inspired by a particular mob in the game and gives the player unique effects and benefits upon activation. All credit to the good textures go to /u/ExterrMatt who was kind enough to allow me to use his beautiful mob totem textures!",
  "authors": [
    "Hyper_Pigeon"
  ],
  "contact": {
    "homepage": "https://fabricmc.net/",
    "sources": "https://github.com/FabricMC/fabric-example-mod"
  },

  "license": "CC0-1.0",
  "icon": "assets/modid/icon.png",

  "environment": "*",
  "entrypoints": {
    "main": [
      "net.hyper_pigeon.moretotems.MoreTotemsMod"
    ],
    "client": [
      "net.hyper_pigeon.moretotems.MoreTotemsModClient"
    ]
  },
  "mixins": [
    "moretotems.mixins.json"
  ],

  "depends": {
    "fabricloader": ">=0.4.0",
    "fabric": "*"
  },
  "suggests": {
    "flamingo": "*"
  }
}
